input_id	dealiased_id	standard_id	short_id
doi:10.1007/978-0-387-30443-4_10	doi:10.1007/978-0-387-30443-4_10	doi:10.1007/978-0-387-30443-4_10	tgxTBPr
doi:10.21273/HORTSCI.40.6.1620	doi:10.21273/HORTSCI.40.6.1620	doi:10.21273/hortsci.40.6.1620	17l4Xfem9
